name,images
Fate 5,
Gravity 9,
Gravity 8,
Kismet 5,
Fate 5,
Distance 9,
Distance S 9,
Motion 9,
Torin 4,
Torin 4,
Viho,
Provision 4,
Viho,
Provision 4,
Viho,
Provision 4,
Provision 4,
Duo 1.5,
Lone Peak 4 Mid Mesh,
Paradigm 4.5,
Paradigm 4.5,
Paradigm 4.5,
Torin 4 Plush,
GEL-Nimbus® 22,
GEL-Nimbus® 22,
GEL-Nimbus® 22,
GEL-Nimbus® 22,
GEL-Nimbus® 22,
GEL-Nimbus® 22,
GEL-Nimbus® 22,
GEL-Nimbus® 22,
GEL-Nimbus® 22,
GEL-Nimbus® 22,
GEL-Nimbus® 22,
GEL-Nimbus® 22,
GEL-Nimbus® 22,
GEL-Nimbus® 22,
GEL-Nimbus® 22,
GEL-Nimbus® 22,
GEL-Nimbus® 22,
GEL-Nimbus® 22,
GEL-Quantum® 360 5,
GEL-Nimbus® 22,
GEL-Quantum® 360 5,
GEL-Nimbus® 22,
GEL-Quantum® 360 5,
Peregrine 10 GTX,
Cloudflow,
Cloudflow,
Cloudflow,
Wave Creation 20,
Wave Creation 20,
Wave Creation 20,
Wave Creation 20,
Dyad 11,
Dyad 11,
GEL-Contend® 6,
GEL-Contend® 6,
GEL-Contend® 6,
GEL-Contend® 6,
GEL-Contend® 6,
GEL-Contend® 6,
GEL-Contend® 6,
GEL-Contend® 6,
1500v6,
1500v6,
1500v6,
Type A9,
GEL-Quantum® 180 5,
Escalante 2,
Escalante 2,
Escalante 2,
Escalante 2,
Escalante 2,
Escalante 2,
Escalante 2,
Timp 2,
Timp 2,
Timp 2,
Timp 2,
Guide 13,
Guide 13,
Guide 13,
Lone Peak 4 Mid RSM,
GEL-Quantum 180 4,
Fresh Foam Vongo v4,
GEL-Scram® 5,
GEL-Scram® 5,
GEL-Scram® 5,
Lone Peak 4.5,
Lone Peak 4.5,
Lone Peak 4.5,
Lone Peak 4.5,
Lone Peak 4.5,
GEL-Venture® 7,
GEL-Venture® 7,
GEL-Venture® 7,
GEL-Venture® 7,
GEL-Venture® 7,
Ravenna 11,
